"Date","MinTemp.C","MaxTemp.C","Rainfall.mm","MaxWindGustDir","MaxWindGustSpeed.kmh","MaxWindGustTime","Temp9am.C","Humidity9am.perc","WindDir9am","WindSpeed9am.kmh","Pressure9am.hPa","Temp3pm.C","Humidity3pm.perc","WindDir3pm","WindSpeed3pm.kmh","Pressure3pm.hPa","Year","Month","Day"
2023-01-01,18.4,35.9,0,"N",31,12H 47M 0S,24.6,65,"NNE",7,1010.8,35.3,34,"NW",11,1007.4,2023,1,1
2023-01-02,22.1,32,6.4,"N",52,8H 16M 0S,28.6,47,"N",22,1005.9,21.1,80,"SSW",13,1006.6,2023,1,2
2023-01-03,15.2,21.1,0.2,"S",37,18H 34M 0S,17.4,68,"SSE",11,1010.2,20.5,58,"SSW",17,1008.9,2023,1,3
2023-01-04,15,18.7,0,"SW",52,15H 31M 0S,15.6,62,"SSW",13,1010.7,16,76,"SSW",22,1011.2,2023,1,4
2023-01-05,14.1,21.6,1,"S",39,12H 0M 0S,18.4,66,"SE",13,1014.9,20.8,65,"S",15,1014.3,2023,1,5
2023-01-06,13.3,25.6,0,"ESE",37,9H 5M 0S,18.4,65,"ESE",15,1017.7,25.4,39,"SE",17,1015,2023,1,6
2023-01-07,13.2,30.2,0,"SSE",28,17H 27M 0S,18.5,66,"NE",9,1015.1,28.8,34,"S",11,1011.4,2023,1,7
2023-01-08,14.9,31.9,0,"SE",24,17H 49M 0S,20.3,67,"NE",4,1012.7,30,28,"SSW",11,1010.7,2023,1,8
2023-01-09,18.4,26.2,0,"SSW",37,17H 41M 0S,24.3,46,"S",6,1011.9,21.2,75,"S",17,1013.3,2023,1,9
2023-01-10,16.9,21.6,0,"SSW",35,15H 49M 0S,17.4,66,"SSE",9,1016.4,20.7,63,"SSW",15,1013.8,2023,1,10
2023-01-11,15.9,29.9,0,"SSW",28,14H 3M 0S,20.4,71,"NE",6,1011.4,27.9,49,"SSW",13,1008.6,2023,1,11
2023-01-12,18.7,24,0,"SSW",28,18H 11M 0S,18.7,87,"WSW",7,1014,22.9,73,"SSW",13,1013.9,2023,1,12
2023-01-13,18,24.2,0,"S",31,17H 9M 0S,20.4,76,"SSW",6,1017.1,23.3,70,"SSW",15,1015.5,2023,1,13
2023-01-14,20.2,37.6,0,"NNW",43,13H 40M 0S,23.3,75,"NE",6,1012.8,35.4,26,"NNW",15,1007.4,2023,1,14
2023-01-15,18,20.6,0,"SSW",35,7H 23M 0S,18.4,72,"S",13,1018.1,20.3,58,"SSW",15,1019.7,2023,1,15
2023-01-16,15.1,27,0,"SSW",24,16H 28M 0S,16.4,72,"NE",9,1019.5,25.2,50,"SSW",15,1017.1,2023,1,16
2023-01-17,16.3,37.2,0,"NW",48,18H 41M 0S,26.3,54,"N",20,1015.3,35.6,31,"N",20,1009.8,2023,1,17
2023-01-18,19.8,19.9,6,"S",41,18H 43M 0S,19.9,94,"SW",9,1010.9,16.7,85,"S",15,1012.6,2023,1,18
2023-01-19,14.7,19.3,4.6,"SSW",41,23H 50M 0S,16.3,56,"S",15,1016.8,17.5,53,"S",17,1016.7,2023,1,19
2023-01-20,15.5,21,0,"SSW",35,17H 20M 0S,17.5,50,"ESE",9,1017.8,20.3,49,"SSW",13,1016,2023,1,20
2023-01-21,13.8,23,0,"SSW",43,16H 19M 0S,17.2,76,"NW",2,1016.3,22.1,66,"SSW",15,1014.2,2023,1,21
2023-01-22,17.2,23.4,0,"SSW",35,14H 17M 0S,20,72,"SE",9,1017.1,22.6,70,"SSW",20,1015.1,2023,1,22
2023-01-23,18.2,28,0,"S",24,15H 17M 0S,20.1,69,"NW",7,1016.1,26.3,46,"SSW",11,1012.7,2023,1,23
2023-01-24,17.6,28.6,0,"SSW",41,14H 42M 0S,20.4,66,"NNE",7,1011.8,28.4,36,"NW",9,1009.2,2023,1,24
2023-01-25,17.2,30,1.8,"SSW",35,18H 31M 0S,20.3,77,"NNE",7,1012.1,27.6,50,"SW",7,1009.2,2023,1,25
2023-01-26,15.9,21.6,0,"SSW",35,13H 40M 0S,18.4,69,"SSW",9,1015.7,21.2,56,"SSW",15,1016.2,2023,1,26
2023-01-27,13.5,26.8,0,"S",24,16H 49M 0S,17.1,59,"E",9,1016.3,24.2,45,"SSW",11,1012.9,2023,1,27
2023-01-28,15.2,34.2,0,"N",43,8H 57M 0S,25.5,32,"N",11,1007.8,33.6,18,"NW",11,1006.7,2023,1,28
2023-01-29,19.5,23.8,0.2,"SSW",24,3H 24M 0S,20.7,84,NA,0,1012.7,22.1,77,"SSW",11,1012.5,2023,1,29
2023-01-30,17.9,21.7,0,"S",33,15H 47M 0S,18.3,71,"S",9,1014.7,20.4,63,"S",13,1012.2,2023,1,30
2023-01-31,15.6,22.2,0,"S",30,16H 0M 0S,18.7,67,"SE",7,1009.8,21.1,51,"SSW",13,1007.5,2023,1,31
2023-02-01,14.9,21,0,"SSW",39,10H 42M 0S,18.1,61,"WSW",7,1006.7,18.2,65,"SSW",13,1006.6,2023,2,1
2023-02-02,14.2,21.3,0.2,"NNW",56,13H 11M 0S,15.6,47,"NW",11,998.1,20.2,39,"NNW",28,990.3,2023,2,2
2023-02-03,11.4,18.8,11.2,"WSW",41,15H 42M 0S,13.4,61,"NNW",20,993.2,17.7,44,"SW",11,993.7,2023,2,3
2023-02-04,11.7,20.7,6.6,"SSW",31,12H 35M 0S,14.8,86,"WNW",11,1004,19.6,58,"SSW",11,1008.3,2023,2,4
2023-02-05,13.8,19.8,1.2,"SSE",26,9H 53M 0S,16.5,69,"W",6,1017.4,19,59,"S",7,1017.7,2023,2,5
2023-02-06,16,20.9,0,"SSW",28,17H 42M 0S,16.8,75,"W",9,1020.5,19.4,60,"S",13,1020.2,2023,2,6
2023-02-07,16.6,20.4,0,"SSW",37,13H 17M 0S,17.5,64,"SSE",11,1020,19.8,60,"SSW",15,1018.2,2023,2,7
2023-02-08,15,22.2,0,"S",33,16H 28M 0S,17.6,64,"S",7,1017.3,20.2,64,"SSW",15,1014.8,2023,2,8
2023-02-09,13.2,26.4,0.2,"SSW",26,12H 49M 0S,17.5,79,"ENE",7,1010.9,25.1,56,"SSW",13,1007.4,2023,2,9
2023-02-10,16.2,26.7,0,"SSW",28,16H 2M 0S,19,85,NA,0,1007.3,24.3,61,"SSW",15,1004.2,2023,2,10
2023-02-11,15.8,25.7,0,"SSW",41,13H 40M 0S,20.2,79,NA,0,1000.5,22.3,65,"SSW",22,1001.9,2023,2,11
2023-02-12,17.3,20.7,0,"S",46,13H 27M 0S,18.6,65,"WSW",9,1010,19.9,47,"S",17,1012.3,2023,2,12
2023-02-13,15.8,20.9,0,"SSW",37,15H 2M 0S,17.1,55,"SSE",13,1015.1,19.9,55,"SSW",15,1014.3,2023,2,13
2023-02-14,12,22.2,0,"SSW",37,14H 26M 0S,17.1,67,"ESE",9,1015.7,21.2,52,"SSW",17,1013.8,2023,2,14
2023-02-15,12.6,32.4,0,"N",31,9H 13M 0S,17.2,71,"NNE",7,1013.9,31.4,31,"WNW",11,1011.1,2023,2,15
2023-02-16,17.1,37.2,0,"NNW",33,10H 36M 0S,23.1,55,"NE",9,1013.3,35.4,24,"NNE",7,1010.3,2023,2,16
2023-02-17,22.8,40.5,0,"NNW",46,13H 58M 0S,29.9,33,"N",19,1010,39.6,16,"NNW",22,1005.9,2023,2,17
2023-02-18,17.4,24.9,0,"SSW",31,16H 47M 0S,18.1,68,"SSW",9,1014.3,22.7,50,"SSW",9,1015.2,2023,2,18
2023-02-19,14.9,27.9,0,"S",30,17H 45M 0S,19.3,71,"SE",4,1019,25.5,35,"SSW",9,1017.5,2023,2,19
2023-02-20,14.9,24,0,"SSW",30,15H 18M 0S,18.6,83,NA,0,1020.3,23.4,60,"SSW",11,1020.7,2023,2,20
2023-02-21,17.7,22.2,0,"SSE",39,15H 40M 0S,18.3,70,"SSE",13,1027.5,21.5,40,"SSE",13,1027.8,2023,2,21
2023-02-22,14.6,30.6,0,"SSE",33,17H 13M 0S,17.6,67,NA,0,1024.8,27.3,44,"SSW",13,1021.2,2023,2,22
2023-02-23,17.5,32.4,0,"N",44,8H 11M 0S,21.6,45,"N",22,1021.1,30.4,32,"NNE",13,1018.7,2023,2,23
2023-02-24,19.6,32.3,0,"NNW",46,12H 16M 0S,23.1,48,"N",19,1017.6,30.6,30,"N",22,1014.1,2023,2,24
2023-02-25,22.2,26.7,0,"N",28,5H 48M 0S,25,37,"N",17,1012.4,24.4,43,"WSW",9,1012.1,2023,2,25
2023-02-26,15.7,23.4,1.4,"SSW",30,14H 39M 0S,17.1,68,NA,0,1012.5,22.2,54,"S",9,1011.4,2023,2,26
2023-02-27,16.3,20.2,2.6,"SSW",33,12H 31M 0S,17.9,77,"S",13,1015.4,18.9,72,"S",11,1015.9,2023,2,27
2023-02-28,16.5,17.6,0.2,"SSW",28,18H 46M 0S,17.1,72,"SSE",6,1013.1,16,97,"SSW",9,1011.4,2023,2,28
2023-03-01,14.3,21.1,3.2,"SSW",28,10H 36M 0S,14.9,94,"W",7,1013.3,20.7,61,"SSW",9,1013.2,2023,3,1
2023-03-02,14.5,21.7,0.8,"SSW",26,14H 14M 0S,16.1,73,"WSW",9,1014.8,21.2,59,"SW",9,1014.3,2023,3,2
2023-03-03,15.5,19.8,0.2,"SSW",35,13H 7M 0S,16.6,65,"SE",13,1018.9,18.6,54,"SSW",24,1017.3,2023,3,3
2023-03-04,14.1,31.4,0,"NNE",31,13H 21M 0S,16.8,76,"NE",7,1013.3,30.2,36,"NNW",15,1008,2023,3,4
2023-03-05,16.5,32.9,0,"NNW",44,10H 18M 0S,23.2,57,"N",13,1003.9,29.2,31,"SSW",6,1000.8,2023,3,5
2023-03-06,15.5,25.3,5.6,"NNW",50,9H 54M 0S,17.4,63,"NW",13,1004.9,24,37,"NW",11,1003,2023,3,6
2023-03-07,15.4,23.2,0,"NNW",50,15H 8M 0S,16.7,55,"NNW",15,1006.7,21.3,39,"NW",15,1003.9,2023,3,7
2023-03-08,12.3,19.4,1,"NW",48,23H 33M 0S,13.4,62,"NW",11,1007.3,18.2,35,"W",9,1006.6,2023,3,8
2023-03-09,12.9,22.1,0,"W",31,9H 34M 0S,14.5,63,"WNW",7,1012,20.2,52,"S",9,1011.9,2023,3,9
2023-03-10,14.5,24,0,"SSE",28,19H 41M 0S,17.1,68,"NW",6,1017,22.5,51,"SSW",11,1014.5,2023,3,10
2023-03-11,13.3,24.7,0,"SSW",31,16H 49M 0S,16.4,86,NA,0,1014.4,24,47,"SSW",13,1011.9,2023,3,11
2023-03-12,15.5,20.7,0,"SSW",37,14H 44M 0S,17.4,67,"SSE",9,1014.8,19.6,58,"SSW",17,1015.4,2023,3,12
2023-03-13,11.7,22.4,0,"S",30,15H 34M 0S,16.4,68,"S",7,1018.2,21.3,55,"SSW",13,1016.6,2023,3,13
2023-03-14,15.9,30.5,0,"NNW",31,9H 23M 0S,17.6,81,"NNE",9,1016.5,30.3,34,"N",13,1012.8,2023,3,14
2023-03-15,17.6,22.9,0,"SSW",24,14H 28M 0S,19,81,"SSW",6,1013.8,21.6,69,"SSW",11,1010.3,2023,3,15
2023-03-16,17.3,28.5,0,"WSW",39,20H 28M 0S,18.6,63,"W",11,1010,27.6,40,"WSW",13,1007.4,2023,3,16
2023-03-17,15.8,24.6,2.6,"SSW",28,23H 34M 0S,16.8,64,"W",7,1016.6,22.6,41,"S",9,1014.7,2023,3,17
2023-03-18,14.6,36.2,0,"N",52,10H 56M 0S,23.1,43,"N",13,1011.4,32,27,"N",17,1008.9,2023,3,18
2023-03-19,17.3,19,0,"SSW",28,18H 58M 0S,17.4,74,"SSE",7,1019.7,18.1,70,"S",11,1020.1,2023,3,19
2023-03-20,14.9,20.8,0,"SSW",41,14H 29M 0S,15.7,56,"SE",17,1027.8,20.3,42,"S",15,1026.5,2023,3,20
2023-03-21,11.7,19.4,0,"ESE",17,23H 20M 0S,13.5,70,"NNE",6,1025.7,18.4,65,"NE",7,1022.7,2023,3,21
2023-03-22,13.5,22.8,1.6,"SSW",24,15H 1M 0S,17.3,86,"NE",2,1021,21.8,65,"S",13,1019.1,2023,3,22
2023-03-23,15.3,22.6,10.2,"WNW",24,7H 36M 0S,16.5,100,"S",9,1017.6,21.4,68,"SSW",9,1015.6,2023,3,23
2023-03-24,16.1,21.6,1.4,"SSE",31,10H 11M 0S,17.3,74,"SSE",7,1019.6,19.2,55,"S",13,1019,2023,3,24
2023-03-25,11.6,19.6,0.2,"S",33,15H 49M 0S,15.7,69,"SE",9,1021.7,18.9,55,"S",13,1019.1,2023,3,25
2023-03-26,10.7,19.9,0,"S",20,15H 36M 0S,14,74,NA,0,1017.5,19.1,63,"SSW",6,1014.4,2023,3,26
2023-03-27,13.9,18.3,0,"N",26,16H 15M 0S,16,84,"NNW",9,1013.1,17.6,81,"N",11,1010.5,2023,3,27
2023-03-28,15.5,20.9,8,"SSW",24,14H 56M 0S,16.7,95,NA,0,1012.4,20.2,69,"S",11,1009.9,2023,3,28
2023-03-29,14.9,18.5,5.8,"S",43,16H 48M 0S,14.9,91,"SSW",7,1009.3,17.9,60,"SSW",17,1008.6,2023,3,29
2023-03-30,12.4,19.1,8.2,"WSW",31,23M 0S,14.3,69,"W",9,1011,18.4,57,"SSW",13,1010.1,2023,3,30
2023-03-31,14.1,19.4,0,"S",33,14H 53M 0S,15.2,71,"WNW",6,1013.2,19,67,"SSW",13,1012.6,2023,3,31
2023-04-01,11.3,16.4,4.6,"SSE",33,9H 22M 0S,13.3,74,"SE",9,1019.5,14.6,62,"SSW",13,1019.9,2023,4,1
2023-04-02,8.7,18.3,0.2,"S",22,12H 58M 0S,13.3,68,"NE",6,1022,17.8,54,"SSW",11,1019.4,2023,4,2
2023-04-03,8.8,22.6,0,"SSW",19,14H 58M 0S,13.3,78,"NE",7,1020.4,20.7,63,"SSW",11,1016.5,2023,4,3
2023-04-04,12,21.7,0,"SSW",28,15H 7M 0S,16.6,81,"N",7,1019.3,20.7,73,"SSW",11,1016.3,2023,4,4
2023-04-05,13.8,18.4,0,"SSW",22,14H 31M 0S,16.8,76,"SSE",2,1018.8,18,68,"S",9,1016.4,2023,4,5
2023-04-06,13.4,26.3,0,"NNW",43,12H 31M 0S,17,79,"NE",6,1012.3,24.2,40,"N",17,1007.4,2023,4,6
2023-04-07,16.1,19.9,4.4,"N",41,12H 40M 0S,17.9,71,"NNW",13,999.3,18,62,"NNW",17,997.3,2023,4,7
2023-04-08,13.7,18,11.2,"SW",35,1M 0S,14.9,79,"W",13,1006.1,15,76,"SSW",15,1005.7,2023,4,8
2023-04-09,10.5,15.5,7.8,"SSW",43,14H 27M 0S,11.7,84,"W",9,1012.5,14.1,60,"SSW",17,1012.8,2023,4,9
2023-04-10,10.1,15.2,14.8,"S",35,10H 47M 0S,13.4,70,"S",15,1014.5,14.9,64,"SSW",13,1013.4,2023,4,10
2023-04-11,11.9,19.1,6,"SSW",19,13H 33M 0S,14.7,81,"ESE",2,1016,18.8,61,"S",9,1010.9,2023,4,11
2023-04-12,12.6,19.3,7,"N",41,11H 58M 0S,13.3,88,"N",13,1004.8,18.6,64,"N",20,1004.3,2023,4,12
2023-04-13,11.2,22.8,4.4,"E",28,13H 57M 0S,15.3,89,"SSW",4,1015.7,22.2,52,"E",11,1015.2,2023,4,13
2023-04-14,10.8,25.4,0,"NNW",20,14H 57M 0S,14.1,93,"NE",9,1015.5,24.5,44,"N",11,1010,2023,4,14
2023-04-15,13.8,21.2,0,"NNW",54,9H 50M 0S,20.6,51,"N",20,1001.1,18.5,69,"N",15,999.5,2023,4,15
2023-04-16,12.1,17.2,38.4,"SSW",35,12H 53M 0S,12.7,93,"WSW",9,1004.3,16.4,68,"SSW",9,1009.5,2023,4,16
2023-04-17,8.7,20.7,2,"N",24,11H 0M 0S,14.8,66,"N",7,1022.7,19.6,57,"WSW",2,1021.9,2023,4,17
2023-04-18,13.4,22.8,0,"NNW",35,14H 45M 0S,16.8,70,"NNE",7,1023.6,22.3,48,"NNW",17,1019.1,2023,4,18
2023-04-19,14.4,17.5,1.2,"SW",28,11H 32M 0S,14.8,66,"WSW",9,1022,15.8,53,"SSW",9,1022.1,2023,4,19
2023-04-20,7.8,18.5,0,"SSW",17,12H 47M 0S,12.4,72,"NNE",7,1026.8,17.5,58,"SW",4,1025.5,2023,4,20
2023-04-21,11.3,19,0,"SSW",13,10H 48M 0S,14.8,78,"NE",6,1030.5,18.6,64,"SSE",2,1029.2,2023,4,21
2023-04-22,14.6,19.2,0,"SSW",22,16H 9M 0S,15.2,84,"SW",6,1031.9,18.8,64,"SSW",11,1029.7,2023,4,22
2023-04-23,14.8,19,0,"SSW",26,15H 45M 0S,16.7,79,"SSE",7,1034.4,17.8,71,"SSW",13,1032.4,2023,4,23
2023-04-24,11,24.9,0,"N",39,10H 34M 0S,14.3,87,"NE",9,1032.5,24.4,47,"N",15,1028.4,2023,4,24
2023-04-25,12.7,25.9,0,"NNW",26,10H 33M 0S,16.6,73,"NNE",7,1029.3,25.5,38,"NNW",6,1025.4,2023,4,25
2023-04-26,12,24.6,0,"N",35,10H 15M 0S,16,72,"NNE",9,1025.9,24.4,43,"N",19,1021,2023,4,26
2023-04-27,16,22.6,0,"NNW",54,13H 52M 0S,19.3,51,"NNW",24,1017.1,22.3,50,"N",26,1012.4,2023,4,27
2023-04-28,16.3,21.6,1.2,"N",41,2H 17M 0S,18.9,59,"NNW",15,1010.7,15.3,75,"SSW",11,1011,2023,4,28
2023-04-29,9,15.9,5.2,"S",20,12H 44M 0S,11.5,70,"NW",6,1014.9,15.7,55,"SSW",9,1013.5,2023,4,29
2023-04-30,5,16.3,0.2,"SSW",24,13H 14M 0S,8.8,80,"NNE",6,1018.4,15.7,53,"SSW",11,1015.8,2023,4,30
2023-05-01,7.3,18.1,0,"NNW",17,20H 10M 0S,13.3,72,"SSW",6,1016.7,17.1,54,NA,0,1013.9,2023,5,1
2023-05-02,11.3,20.3,0,"W",35,14H 15M 0S,13.9,72,"N",9,1015.4,18.4,57,"SW",7,1012.7,2023,5,2
2023-05-03,11.2,15.7,3,"W",44,6H 13M 0S,13.2,61,"NW",13,1011.4,15.2,61,"WSW",13,1013.3,2023,5,3
2023-05-04,8.1,15.6,2,"NW",19,23H 58M 0S,10.7,87,"NNE",6,1022.3,15.3,58,"SW",2,1020.5,2023,5,4
2023-05-05,10.4,17.9,0,"NNW",44,13H 11M 0S,12.4,62,"N",15,1017.2,16.6,52,"NNW",20,1013.5,2023,5,5
2023-05-06,9.8,13.5,14.8,"SSW",31,16H 13M 0S,10,95,NA,0,1020.3,12.1,64,"SSW",11,1019.8,2023,5,6
2023-05-07,6.6,13.4,22.6,"SSW",39,14H 0M 0S,7.4,88,"W",11,1024.4,11.2,62,"SSW",15,1024.4,2023,5,7
2023-05-08,7.4,15.2,5.8,"W",28,12H 53M 0S,10,82,"W",6,1026.4,14.7,65,"WSW",9,1023.9,2023,5,8
2023-05-09,10,16.5,1,"SW",33,16H 20M 0S,11.3,91,"SW",4,1027.3,15.5,68,"S",13,1026.8,2023,5,9
2023-05-10,11.2,15.3,1.8,"SSW",22,10H 54M 0S,11.5,95,"W",6,1030.1,13.9,76,"S",13,1028.9,2023,5,10
2023-05-11,6.8,18.4,0.2,"N",39,11H 43M 0S,7.7,100,"NE",9,1028.6,17.9,53,"N",19,1024.8,2023,5,11
2023-05-12,7.7,18.4,0,"N",24,1H 22M 0S,12,77,"NE",4,1029,16.2,64,"S",7,1028.7,2023,5,12
2023-05-13,9.3,16.8,0,"S",19,15H 13M 0S,10.7,100,NA,0,1032.8,16.4,73,"SSW",9,1029.6,2023,5,13
2023-05-14,7,20.7,0,"NNW",30,12H 11M 0S,8.2,100,"NNE",7,1029.9,20.4,46,"NNW",15,1025.2,2023,5,14
2023-05-15,8.2,22.1,0,"N",33,12H 55M 0S,15.6,64,"N",15,1024.4,21.3,41,"N",19,1020.4,2023,5,15
2023-05-16,10.5,13.7,4,"SSW",39,11H 9M 0S,12.1,100,"S",9,1022.1,13.5,62,"S",15,1024.7,2023,5,16
2023-05-17,4.7,14.8,2.6,"SE",26,11H 4M 0S,8.4,81,"NNE",6,1028.9,14.6,45,"SE",9,1026.1,2023,5,17
2023-05-18,5.8,13.7,0,"WSW",22,12H 39M 0S,7.7,85,"NE",2,1026,13.5,60,"SSW",9,1023.3,2023,5,18
2023-05-19,5.8,14.6,0,"S",22,13H 49M 0S,11.3,81,"N",2,1020.5,14.2,75,"SSW",9,1017.6,2023,5,19
2023-05-20,8.7,15,2.2,"NW",30,23H 49M 0S,9.5,86,"SW",7,1017.3,14.2,57,"SW",11,1014,2023,5,20
2023-05-21,9.2,14.9,1.8,"S",39,11H 23M 0S,11.5,96,"WSW",9,1019.2,13.6,60,"S",17,1023,2023,5,21
2023-05-22,7.7,16.4,0.4,"W",22,11H 45M 0S,11.4,72,"NE",4,1028.6,16,52,"WSW",9,1026.6,2023,5,22
2023-05-23,10.2,16.8,0,"N",28,10H 50M 0S,11.2,71,"N",9,1029.2,16.2,52,"NNW",13,1025.8,2023,5,23
2023-05-24,9.6,15.9,0,"NNW",46,14H 24M 0S,10.9,72,"N",15,1026.4,15.6,55,"NNW",26,1021.6,2023,5,24
2023-05-25,10.8,15,0,"N",52,10H 43M 0S,12.6,55,"N",22,1013.1,12.7,75,"N",13,1010.4,2023,5,25
2023-05-26,7.6,14.4,2.8,"W",30,12H 55M 0S,10,70,"NW",9,1019.1,13.2,63,"W",11,1018.2,2023,5,26
2023-05-27,9.8,15.8,0.6,"N",31,11H 58M 0S,11.5,68,"N",13,1018.2,14.6,46,"WNW",11,1015.7,2023,5,27
2023-05-28,10.9,16.5,6.8,"NNE",30,36M 0S,11.4,92,"N",15,1011.5,13.7,80,"SSW",7,1010.4,2023,5,28
2023-05-29,10,17,5.4,"WSW",33,11H 31M 0S,12.8,72,"NNW",13,1016.5,16.4,62,"NW",9,1016.6,2023,5,29
2023-05-30,12.7,18.7,0,"NNW",31,14H 29M 0S,14,76,"N",11,1021.6,17.8,64,"N",20,1018.9,2023,5,30
2023-05-31,14,17.7,0,"N",44,17H 10M 0S,16.4,66,"NNW",20,1016.3,17.4,63,"NNW",17,1012.8,2023,5,31
2023-06-01,12.5,14.7,1.4,"NNW",33,2H 0M 0S,13.5,71,"WSW",7,1018.3,13.8,49,"S",9,1019.8,2023,6,1
2023-06-02,5.8,15.2,0,"NNE",17,12H 0M 0S,7.2,78,"NE",9,1025.3,14.1,52,"NNW",11,1022.2,2023,6,2
2023-06-03,7.1,15.2,3,"SSW",17,14H 36M 0S,11.1,99,NA,0,1026.7,13.3,86,"SSW",9,1026.5,2023,6,3
2023-06-04,8,18.4,0.8,"N",15,10H 11M 0S,11.1,100,"N",6,1031.8,17.1,71,"SSW",6,1027.6,2023,6,4
2023-06-05,9.4,20.1,0,"N",31,12H 20M 0S,11.1,97,"NNE",6,1026.2,18.4,57,"NNE",13,1021.8,2023,6,5
2023-06-06,11.1,17.4,0,"NNW",44,13H 56M 0S,15.9,78,"N",4,1021.7,17.1,74,"N",15,1019.6,2023,6,6
2023-06-07,13.7,18.4,0,"N",52,22H 13M 0S,16.6,81,"NNE",13,1018.3,17.1,81,"N",17,1013.3,2023,6,7
2023-06-08,13.9,16.9,10.6,"N",43,2M 0S,14.5,79,"N",9,1008.4,16.1,52,"NW",17,1007.8,2023,6,8
2023-06-09,10.3,15.6,6.2,"NW",41,14H 20M 0S,11.5,65,"N",13,1013.4,15.1,39,"WNW",13,1014.2,2023,6,9
2023-06-10,8.2,15.5,0,"NNW",43,11H 15M 0S,10.3,76,"N",20,1022,15.3,55,"NNW",15,1020.4,2023,6,10
2023-06-11,10.3,17,0,"N",30,12H 59M 0S,11.9,75,"N",13,1025,15.4,55,"N",15,1021.7,2023,6,11
2023-06-12,10.7,15.3,0,"NNW",33,11H 57M 0S,11.8,70,"NNE",6,1019.1,15.1,53,"N",17,1014.7,2023,6,12
2023-06-13,9.9,14.6,0,"N",39,11H 40M 0S,12,72,"N",19,1008.1,13.8,65,"N",20,1005.8,2023,6,13
2023-06-14,9.4,16.2,2.2,"NW",28,14H 46M 0S,11.4,75,"NW",9,1013.1,15.6,49,"NW",9,1013.2,2023,6,14
2023-06-15,9.7,15.6,0,"NNW",35,14H 4M 0S,12.6,75,"N",19,1014.1,15.2,66,"N",13,1012.9,2023,6,15
2023-06-16,11.6,17.6,0,"NW",46,15H 17M 0S,12.5,67,"N",17,1018.1,17.1,50,"N",22,1015.1,2023,6,16
2023-06-17,10.1,16.5,0,"N",57,13H 11M 0S,10.9,63,"N",22,1014.2,16.2,48,"N",28,1009,2023,6,17
2023-06-18,7.4,14.6,7,"N",43,22H 7M 0S,8.9,76,"N",13,1013.7,14.3,50,"NNW",19,1011.6,2023,6,18
2023-06-19,7.4,11.9,10,"N",39,1H 13M 0S,7.7,86,"NW",11,1011.3,10.4,63,"SW",9,1013.2,2023,6,19
2023-06-20,5,12.1,0.2,"W",24,18M 0S,6.3,81,"N",7,1024,11.7,67,"SW",4,1023.3,2023,6,20
2023-06-21,4.2,11.8,0,"N",31,15H 45M 0S,6.8,86,"NNE",9,1024.7,11,56,"NNW",17,1021.6,2023,6,21
2023-06-22,6.6,13.7,0,"N",46,21H 25M 0S,7.9,79,"E",7,1016.3,13.2,49,"NNE",11,1009.3,2023,6,22
2023-06-23,7.8,11.3,2.8,"N",31,12H 48M 0S,10,75,"N",13,1003.3,11.1,68,"NNW",13,1004.4,2023,6,23
2023-06-24,8.8,15.1,1,"N",50,11H 51M 0S,11,78,"N",17,1009,11.5,77,"NNW",26,1005.6,2023,6,24
2023-06-25,8.5,13.2,4,"N",50,13H 45M 0S,9.1,58,"N",24,1006.3,11.7,63,"N",28,1004.4,2023,6,25
2023-06-26,9.1,16,0,"W",37,14H 49M 0S,12.8,64,"WNW",9,1011.5,15.2,55,"WSW",13,1013.5,2023,6,26
2023-06-27,6.6,14.9,0,"N",33,11H 36M 0S,8.9,81,"N",13,1019.1,12.6,71,"NNE",15,1017.3,2023,6,27
2023-06-28,8.9,12.7,0,"S",28,12H 0M 0S,10.9,75,"N",11,1017,10.9,90,"WSW",7,1015.9,2023,6,28
2023-06-29,6.2,12.9,3.6,"NNW",31,17H 7M 0S,8.5,75,"WNW",9,1020.4,12.2,64,"WNW",11,1017.8,2023,6,29
2023-06-30,8.4,15.2,0,"SSW",30,14H 18M 0S,11.9,75,"NNW",15,1019.3,15.2,62,"WNW",11,1018.1,2023,6,30
2023-07-01,9.7,13.5,0.4,"SSW",33,12H 32M 0S,10.9,81,"W",11,1023.2,11.3,89,"SW",9,1025.8,2023,7,1
2023-07-02,9.6,12.8,0.6,"S",17,11H 2M 0S,10.5,88,"SW",6,1033.9,11.9,83,"SSW",9,1032.7,2023,7,2
2023-07-03,8.2,14.5,0.4,"N",20,14H 58M 0S,8.4,90,"NNE",7,1030.4,14.1,64,"N",13,1024.8,2023,7,3
2023-07-04,8.3,13.6,0,"NE",15,7H 48M 0S,10.9,82,"NNE",9,1017.9,13.4,77,"NE",9,1012.7,2023,7,4
2023-07-05,10.8,14.7,2.4,"NNW",31,14H 36M 0S,11.6,95,"NW",4,1012.2,13.7,56,"NNW",13,1011.2,2023,7,5
2023-07-06,10,15.2,0,"N",50,10H 40M 0S,11.8,75,"N",15,1010.4,14.5,56,"N",24,1006.1,2023,7,6
2023-07-07,9.9,15.5,1,"NNW",39,16H 14M 0S,11.3,71,"NNW",11,1010,15,50,"NNW",17,1009,2023,7,7
2023-07-08,10.5,14.9,1.2,"N",52,1H 40M 0S,11.6,64,"NNW",22,1005,14.2,50,"NW",19,1005.9,2023,7,8
2023-07-09,10.9,16.9,0.2,"W",39,12H 41M 0S,12.9,77,"NNW",11,1015.3,16.3,58,"WNW",9,1015.9,2023,7,9
2023-07-10,11.9,17.1,0.8,"N",44,13H 57M 0S,13.2,66,"NNW",17,1021.5,15.7,56,"NNW",19,1019.5,2023,7,10
2023-07-11,11.6,17.6,0.4,"N",28,19M 0S,12.9,84,"NNW",9,1025.8,16.8,54,"WSW",9,1025.3,2023,7,11
2023-07-12,11.1,17.7,0,"N",39,12H 28M 0S,12.5,81,"N",17,1028.1,16.7,45,"NNW",20,1026.1,2023,7,12
2023-07-13,9.5,15.9,0,"N",52,13H 6M 0S,11.3,69,"N",17,1026.2,15.4,52,"N",28,1022.1,2023,7,13
2023-07-14,11,14.7,0,"N",48,14H 40M 0S,11,69,"N",19,1020.1,14.1,57,"N",28,1015.5,2023,7,14
2023-07-15,10.1,12.5,0,"N",35,3H 14M 0S,10.8,65,"NNW",17,1017.7,11.5,75,"SSW",11,1019.9,2023,7,15
2023-07-16,4.8,14.8,0.4,"SSW",20,11H 38M 0S,7.3,79,"NE",9,1029.2,13.9,60,"S",9,1028.6,2023,7,16
2023-07-17,4,16.5,0,"N",33,13H 31M 0S,7.7,79,"NNE",9,1029.3,16.3,49,"N",17,1025.2,2023,7,17
2023-07-18,7.6,14.6,0,"NW",44,11H 50M 0S,9.9,69,"N",13,1019.7,13.6,55,"WSW",15,1020.1,2023,7,18
2023-07-19,4.7,14.3,0.8,"W",19,12M 0S,6.6,78,"NE",9,1026.3,13.1,48,"SSW",6,1022.9,2023,7,19
2023-07-20,5.8,13.4,0,"NNW",59,10H 29M 0S,9.1,66,"N",28,1014.9,10.9,68,"N",19,1010.7,2023,7,20
2023-07-21,6.7,13.9,0.4,"NNW",26,6M 0S,9,73,"W",7,1021.3,13.2,57,"S",7,1021.8,2023,7,21
2023-07-22,5.7,15.8,0,"N",24,12H 32M 0S,9.3,73,"NNE",4,1023.8,14.1,48,"NNW",7,1021.2,2023,7,22
2023-07-23,7.2,13.1,0,"SSW",22,14H 43M 0S,10.6,80,"WNW",6,1026.5,13,81,"SSW",11,1026.9,2023,7,23
2023-07-24,6.1,13.5,1.4,"SSW",20,13H 22M 0S,9.6,84,"WNW",7,1032.6,12.7,77,"SSW",2,1031.4,2023,7,24
2023-07-25,9.6,14.8,0,"SSW",17,14H 21M 0S,11.2,90,"NNE",7,1037,14.1,57,"SSW",9,1035.5,2023,7,25
2023-07-26,4.9,14.7,0,"N",22,9H 38M 0S,8.6,85,"NE",6,1035.8,14.2,57,"SSW",7,1032.4,2023,7,26
2023-07-27,6.8,17.2,0,"N",43,11H 59M 0S,9.7,78,"N",15,1027.9,16.7,52,"N",22,1022,2023,7,27
2023-07-28,9.6,18.9,7.2,"N",50,1H 11M 0S,13,78,"N",19,1015.8,18.4,50,"NW",20,1015.5,2023,7,28
2023-07-29,11.1,18.8,0,"NNW",50,13H 4M 0S,12.9,82,"NNW",11,1019.7,18.1,49,"NNW",22,1016.5,2023,7,29
2023-07-30,10.1,17.9,0,"NW",46,13H 54M 0S,12.1,72,"N",19,1017.9,16.7,53,"NNW",22,1015.4,2023,7,30
2023-07-31,10.6,16.9,3,"N",41,14H 48M 0S,12.7,64,"NNW",11,1022.1,16.2,50,"NNW",19,1020.5,2023,7,31
2023-08-01,11.5,14.9,0,"NNW",35,2H 8M 0S,13.3,67,"W",11,1028.8,14.7,54,"SSW",9,1030.1,2023,8,1
2023-08-02,5.8,17.1,0,"N",43,14H 23M 0S,7.9,83,"NNE",11,1033.9,16.8,50,"N",20,1029.6,2023,8,2
2023-08-03,7.8,19.8,0,"N",48,12H 34M 0S,13.5,67,"N",20,1029.3,19.6,45,"N",22,1024.5,2023,8,3
2023-08-04,13.4,18.2,0,"N",61,10H 32M 0S,16.2,55,"N",22,1022.2,16.1,63,"N",33,1020.2,2023,8,4
2023-08-05,9.3,13.6,0,"SSW",26,10H 45M 0S,11,65,"SW",9,1033.5,13,57,"SW",7,1033.5,2023,8,5
2023-08-06,8.6,13.4,0,"S",20,13H 12M 0S,9.9,91,"WNW",4,1035.4,12.2,77,"SSW",11,1033.6,2023,8,6
2023-08-07,9,13.7,0,"SW",19,13H 6M 0S,10.6,84,NA,0,1033.8,13.3,63,"SSW",11,1032.2,2023,8,7
2023-08-08,4.7,14.2,0,"SSW",15,13H 52M 0S,6.3,100,"NE",7,1034,13.3,67,"SSW",9,1030.3,2023,8,8
2023-08-09,5.5,18.4,0.2,NA,NA,NA,11.4,74,"N",13,1027,18.2,47,"N",24,1020.9,2023,8,9
2023-08-10,10.6,14.5,2.8,"N",50,50M 0S,11.9,72,"WNW",11,1019.4,13.8,60,"SW",6,1020.8,2023,8,10
2023-08-11,8.2,15.7,0,"NNW",30,15H 49M 0S,12.3,67,"N",7,1022.7,14.8,51,"NNW",15,1019.8,2023,8,11
2023-08-12,11,16,0,"NNW",33,4H 39M 0S,11.2,78,"N",13,1019.3,12.9,87,"S",2,1017.2,2023,8,12
2023-08-13,7.2,12.9,3.4,"SSW",24,14H 54M 0S,8.8,96,"WNW",2,1021.7,11.4,69,"SSW",15,1019.7,2023,8,13
2023-08-14,3.4,12.7,0,"SSW",26,12H 3M 0S,5.9,90,"NE",2,1020,12.3,52,"S",11,1018.7,2023,8,14
2023-08-15,3.4,13.1,0,"SSW",20,14H 15M 0S,7.4,77,"NE",6,1024.4,12.7,54,"S",13,1022.8,2023,8,15
2023-08-16,1.6,15.8,0,"N",35,13H 36M 0S,5.3,78,"NE",9,1022.1,15.2,39,"N",17,1016.7,2023,8,16
2023-08-17,5.3,12.5,0,"N",44,13H 25M 0S,11.1,61,"N",15,1012.6,12.1,53,"N",17,1008.1,2023,8,17
2023-08-18,8.9,13.5,5.4,"WSW",37,10H 57M 0S,10.1,77,"W",13,1005.2,11.9,55,"SSW",17,1009,2023,8,18
2023-08-19,9.4,18.2,0.2,"W",35,12H 19M 0S,13.5,76,"WNW",9,1016,17.4,60,"W",13,1016.9,2023,8,19
2023-08-20,12.9,19.2,0,"WNW",28,4H 48M 0S,13.5,67,"NNW",9,1023.6,19,41,"W",9,1021.6,2023,8,20
2023-08-21,11.5,17.8,0,"N",48,12H 13M 0S,14.6,73,"N",13,1020.9,16.4,64,"N",24,1016.8,2023,8,21
2023-08-22,13.2,14.3,0,"NNW",39,1H 35M 0S,14.3,77,"W",7,1015.7,11.7,97,"SSW",13,1015.9,2023,8,22
2023-08-23,5.6,17,3.6,"NW",24,11H 5M 0S,10.2,70,"N",9,1026,15.9,50,"W",7,1025.1,2023,8,23
2023-08-24,8.6,17.9,0,"N",39,14H 20M 0S,11.4,72,"N",9,1028.8,16.8,48,"N",22,1024.6,2023,8,24
2023-08-25,11.1,19.8,0,"N",39,7H 38M 0S,13.7,63,"N",15,1026.5,18.6,43,"S",9,1025,2023,8,25
2023-08-26,11.1,15.5,0,"SSE",22,4H 27M 0S,12.1,65,"ESE",9,1030.4,14.6,62,"SW",7,1027.1,2023,8,26
2023-08-27,8.9,15.7,0,"SSW",20,13H 44M 0S,10.6,77,NA,0,1028,15.3,67,"SW",9,1024.3,2023,8,27
2023-08-28,9.5,16.6,0,"SW",20,13H 47M 0S,11.8,93,NA,0,1023.8,14.9,77,"SSW",11,1020.7,2023,8,28
2023-08-29,10.8,18.4,0.2,"N",41,18H 12M 0S,16.6,66,"N",15,1017,17.5,66,"N",17,1013.6,2023,8,29
2023-08-30,12.7,14.9,3.8,"N",44,2H 19M 0S,12.8,100,"SW",6,1011.7,12.1,84,"W",13,1013.5,2023,8,30
2023-08-31,6.9,15.8,2.8,"SSW",39,15H 51M 0S,11.4,73,"NNW",11,1018.8,13.7,84,"SW",13,1018,2023,8,31
2023-09-01,9.8,14.8,1.8,"S",28,14H 18M 0S,11.6,90,"WSW",7,1025.3,14.4,56,"SSW",17,1023.9,2023,9,1
2023-09-02,3.9,15.8,0,"SW",22,14H 17M 0S,8.4,76,"NE",6,1024.4,14.4,62,"SW",13,1020,2023,9,2
2023-09-03,6,20.4,0,"N",35,14H 23M 0S,10.8,79,"NNE",9,1020.1,20.2,41,"N",17,1014,2023,9,3
2023-09-04,9.7,21.6,0,"N",69,11H 21M 0S,18.8,39,"N",13,1005.4,20.7,41,"N",19,1002.1,2023,9,4
2023-09-05,6.7,15.1,2.8,"NW",48,10H 52M 0S,10.5,72,"NNW",15,1011.7,14.3,46,"WSW",9,1014.3,2023,9,5
2023-09-06,6.1,19.4,0.2,"NNW",54,11H 8M 0S,11.8,52,"N",20,1018.5,18.9,41,"N",26,1014.2,2023,9,6
2023-09-07,10.7,22.1,0,"N",63,16H 20M 0S,17.1,45,"N",20,1009.6,21.1,33,"N",22,1001.8,2023,9,7
2023-09-08,8.4,11.7,4,"NNW",70,10H 21M 0S,11.2,60,"NNW",19,1005,11.5,62,"WNW",17,1013.3,2023,9,8
2023-09-09,6.8,13.9,0.8,"SSW",35,10H 58M 0S,10,61,"W",13,1027.9,10.6,75,"S",15,1027.2,2023,9,9
2023-09-10,10,14.9,1,"SW",24,9H 45M 0S,12,71,"WNW",7,1031.8,14.1,62,"S",11,1031.3,2023,9,10
2023-09-11,8.3,17.2,0,"SSW",19,11H 53M 0S,12.9,74,"W",2,1033.9,16.2,54,"SSW",9,1031.5,2023,9,11
2023-09-12,10.2,23.3,0,"NW",28,11H 29M 0S,15.9,57,"NE",9,1029.9,22.3,33,"S",9,1026.2,2023,9,12
2023-09-13,9.2,25.1,0,"NW",20,11H 58M 0S,15.3,64,"NNE",6,1028.3,24.7,33,NA,0,1025.2,2023,9,13
2023-09-14,10.5,23.9,0,"N",44,13H 58M 0S,18.4,63,"N",17,1026.5,23.3,37,"N",20,1022.3,2023,9,14
2023-09-15,15.1,22.4,0,"N",41,8M 0S,18.5,48,"WNW",4,1020.9,20.7,43,"SSW",13,1018.3,2023,9,15
2023-09-16,9.6,25,0,"NNW",48,14H 43M 0S,17.8,51,"N",17,1019.8,24.3,32,"NNW",24,1015.2,2023,9,16
2023-09-17,12.6,23.1,0,"NNW",30,10H 26M 0S,18.4,54,"NW",9,1021.4,22.2,43,"S",11,1018,2023,9,17
2023-09-18,13.7,21.9,0,"SSW",26,13H 14M 0S,15.1,76,"W",4,1015.6,15.8,78,"SSW",11,1014.6,2023,9,18
2023-09-19,13.7,28,0,"N",43,16H 41M 0S,18.6,57,"SSW",15,1007.8,26.3,33,"NNW",19,1003.6,2023,9,19
2023-09-20,13.2,19,0,"W",43,13H 40M 0S,14.8,66,"WNW",13,1007.8,16.4,33,"WNW",9,1008.2,2023,9,20
2023-09-21,9.2,14.9,0.2,"SSW",30,9H 34M 0S,12.7,64,"WSW",11,1020.7,14.3,57,"SSW",15,1023.9,2023,9,21
2023-09-22,6.8,14.9,0,"SSW",30,14H 22M 0S,12.4,63,"NNE",6,1031.5,14.3,51,"SSW",13,1029.4,2023,9,22
2023-09-23,5.2,16.4,0,"SW",22,11H 51M 0S,10.8,64,"E",7,1030.3,14.7,64,"SSW",13,1026.7,2023,9,23
2023-09-24,7.2,23.8,0,"NNE",39,13H 29M 0S,13.4,76,"NE",9,1025.4,23.2,34,"N",20,1020,2023,9,24
2023-09-25,13.4,23.4,0,"SSW",41,11H 32M 0S,20,43,"NW",7,1020.2,17.2,65,"SSW",17,1020.9,2023,9,25
2023-09-26,9.5,16.4,0,"SW",30,13H 55M 0S,14.2,52,"S",6,1022.2,15.4,58,"SSW",13,1019.4,2023,9,26
2023-09-27,10.2,17.3,0,"S",35,14H 59M 0S,12.7,73,"WNW",4,1023.6,15.6,66,"SSW",17,1024.8,2023,9,27
2023-09-28,10.2,20.1,0,"SSW",24,14H 12M 0S,14.8,62,"W",6,1029.9,18.4,51,"SSW",13,1026.9,2023,9,28
2023-09-29,8,27.8,0,"NNW",28,11H 12M 0S,16.4,50,"NE",9,1025.2,26.9,17,"SSW",7,1020.6,2023,9,29
2023-09-30,15.4,29.7,0,"N",48,12H 58M 0S,21.8,29,"N",19,1018.4,28.8,19,"NNW",20,1012.1,2023,9,30
2023-10-01,19,20.5,0,"WSW",48,7H 52M 0S,19.7,53,"SW",20,1007,18.7,44,"S",17,1013.2,2023,10,1
2023-10-02,7.4,28.5,0,"NNW",41,13H 17M 0S,10.3,77,"NNE",11,1017.4,25.8,27,"NNW",19,1010.1,2023,10,2
2023-10-03,10.3,19.2,3,"N",48,2H 58M 0S,19,81,"N",17,1007.7,16.4,94,"WSW",7,1008.8,2023,10,3
2023-10-04,10.5,13.5,22.8,"S",37,22H 44M 0S,11.3,100,"S",9,1011.2,12.7,77,"S",15,1010.1,2023,10,4
2023-10-05,8.8,16.5,6.8,"SSW",39,22H 15M 0S,11.3,63,"W",11,1017.7,16,54,"WNW",11,1017.4,2023,10,5
2023-10-06,10,15.2,7.2,"SSE",37,15H 44M 0S,11.7,64,"SSW",15,1030.3,14.2,55,"SSW",17,1031.4,2023,10,6
2023-10-07,7.7,14.3,0.4,"SSE",30,15H 6M 0S,11.6,61,"SSE",2,1034.4,13.5,57,"SSW",13,1032.9,2023,10,7
2023-10-08,5.8,15.8,0,"S",26,14H 6M 0S,11.7,71,NA,0,1032.6,15,54,"SSW",17,1030.1,2023,10,8
2023-10-09,8.9,15.8,0,"SSW",30,12H 40M 0S,12.1,69,"NNE",6,1028.4,15.4,54,"S",13,1026.5,2023,10,9
2023-10-10,11,16.5,0,"SW",28,14H 17M 0S,11.7,80,"SSW",4,1026,15.7,60,"SSW",13,1023.9,2023,10,10
2023-10-11,6.9,26.2,0,"N",43,16H 6M 0S,11.8,77,"NE",11,1021.8,25.6,37,"NNW",24,1018.3,2023,10,11
2023-10-12,11.8,16.1,1.2,"N",46,4H 2M 0S,14.5,87,"SW",9,1013.7,15.5,57,"SW",13,1013.7,2023,10,12
2023-10-13,10.6,17.5,13.4,"WNW",37,12H 44M 0S,13.2,73,"W",6,1020,16.9,70,"WSW",11,1018.8,2023,10,13
2023-10-14,11.6,19.6,2.2,"WNW",41,9H 46M 0S,14.1,63,"WNW",15,1018,18.3,50,"W",13,1016.8,2023,10,14
2023-10-15,11.5,17.2,0,"NW",30,9H 17M 0S,12.7,71,"NNW",11,1017.8,16.2,52,"S",11,1014.8,2023,10,15
2023-10-16,10.1,14.7,5,"SSW",50,16H 11M 0S,10.9,71,"SW",13,1016.3,14.2,54,"SSW",26,1021.3,2023,10,16
2023-10-17,10.3,16.1,0.8,"SSW",31,16H 7M 0S,12.7,62,"SE",9,1031.7,15.7,59,"SSW",13,1030.7,2023,10,17
2023-10-18,7.9,24.2,0.2,"N",35,10H 8M 0S,12.8,75,"N",11,1029.8,23.2,37,"NNW",15,1025.4,2023,10,18
2023-10-19,11.2,27.1,0,"NNE",24,11H 8M 0S,16.4,67,"NE",9,1022.7,25.8,34,"N",6,1018.6,2023,10,19
2023-10-20,14.3,29.5,0,"N",30,16H 11M 0S,18.8,60,"NE",9,1017.3,28.3,29,"NNE",13,1013.8,2023,10,20
2023-10-21,18.8,22.1,0,"SW",44,17H 37M 0S,20,53,"SW",20,1008.8,19.7,52,"SSW",15,1007,2023,10,21
2023-10-22,11.6,15.5,0.2,"NW",48,9H 26M 0S,14,68,"NW",13,1009.2,15.2,66,"W",15,1010.7,2023,10,22
2023-10-23,10.6,18.1,2.4,"WSW",33,2H 9M 0S,12.3,68,"WSW",11,1016.7,15.7,64,"SSW",13,1015.8,2023,10,23
2023-10-24,12.3,25.3,0,"N",57,7H 38M 0S,17.6,49,"N",28,1006.9,24.8,29,"NNW",20,1006.2,2023,10,24
2023-10-25,8.9,13.4,0,"WSW",41,11H 0M 0S,11.1,56,"W",11,1017.3,9.9,74,"WSW",11,1020.3,2023,10,25
2023-10-26,7.3,15.1,8.2,"S",43,8H 26M 0S,10.5,82,"SSW",7,1029.4,14.1,58,"S",20,1030.5,2023,10,26
2023-10-27,8.3,19.4,0.4,"SSW",30,13H 10M 0S,13.8,59,"SE",9,1033.6,18.4,50,"SW",9,1030.1,2023,10,27
2023-10-28,9.5,23.3,0,"N",57,7H 2M 0S,15.4,52,"N",22,1026,20.3,43,"N",24,1020.7,2023,10,28
2023-10-29,9.1,21.3,0,"SSW",30,17H 6M 0S,13.9,77,"SSW",4,1016,19.2,50,"SSW",11,1010.6,2023,10,29
2023-10-30,12.4,23.2,0,"N",46,13H 21M 0S,16.5,53,"W",7,1007.7,21.5,35,"NW",26,1003.9,2023,10,30
2023-10-31,9.1,16,1.8,"WSW",39,23H 32M 0S,12,58,"W",9,1017.3,14.8,57,"S",17,1019.7,2023,10,31
2023-11-01,11.2,16,0,"S",30,12H 35M 0S,13.2,65,"SW",9,1024.8,15.3,63,"S",13,1024.8,2023,11,1
2023-11-02,12.1,16.7,0,"S",33,15H 14M 0S,13,62,"SSE",4,1024.6,15.1,59,"S",13,1022.9,2023,11,2
2023-11-03,12.1,15.9,0,"SW",31,15H 17M 0S,13,67,"SSE",9,1023.5,15.1,60,"SSW",13,1022.5,2023,11,3
2023-11-04,11.2,20.9,0,"SE",39,20H 28M 0S,13.1,65,"SSE",13,1024.6,17,72,"SSW",17,1022.8,2023,11,4
2023-11-05,9.3,23.9,0,"SSE",30,17H 27M 0S,14.6,72,"WNW",6,1026.3,20.6,55,"SSW",13,1023,2023,11,5
2023-11-06,12.6,29.8,0,"NNW",33,11H 50M 0S,19.1,58,"N",9,1022,29.1,32,"NNW",20,1017.1,2023,11,6
2023-11-07,15.5,30.6,0,"N",43,10H 47M 0S,22.6,54,"SE",6,1016.6,29.9,31,"N",24,1012.5,2023,11,7
2023-11-08,16.3,30.8,0.6,"N",39,12H 34M 0S,23.7,47,"NNE",13,1014,18.8,77,"SSW",17,1011.6,2023,11,8
2023-11-09,15,23.2,8.8,"SSW",31,17H 29M 0S,15.8,80,"SSE",2,1015.8,19.1,69,"SW",13,1013,2023,11,9
2023-11-10,13.7,33.1,0,"N",35,13H 33M 0S,20.5,70,"NE",6,1014,30,35,"SSW",7,1010.5,2023,11,10
2023-11-11,18.7,19.1,0,"N",48,3H 31M 0S,18.9,72,"S",19,1013.6,17.6,60,"S",17,1018.1,2023,11,11
2023-11-12,12.1,18.2,0,"S",39,17H 27M 0S,13.8,58,"WSW",9,1020.2,16.8,57,"S",15,1020.7,2023,11,12
2023-11-13,11.8,20.6,0.4,"SSW",31,16H 56M 0S,14.2,64,"SSW",11,1022.2,18.1,47,"SSW",9,1018.3,2023,11,13
2023-11-14,12.7,16.8,0.6,"SSW",24,30M 0S,12.8,80,"WSW",7,1017.6,15.9,65,"S",13,1016.8,2023,11,14
2023-11-15,12.7,18.2,0.2,"S",28,15H 11M 0S,14.5,66,"E",6,1015.7,17.6,53,"SSW",13,1014.3,2023,11,15
2023-11-16,12.3,17.4,0.6,"SSW",43,16H 59M 0S,13.6,78,"SSW",11,1014.9,15.7,60,"S",19,1015.5,2023,11,16
2023-11-17,12.4,17.8,0,"SSW",31,11H 15M 0S,13.9,54,"S",13,1021.6,16.8,50,"S",15,1021.5,2023,11,17
2023-11-18,13.8,18.8,0,"S",31,14H 46M 0S,14.9,61,"S",6,1021.6,18.2,60,"S",13,1019.4,2023,11,18
2023-11-19,11.5,21.6,0,"SSW",30,13H 59M 0S,14.6,78,NA,0,1019.2,20.6,56,"S",17,1017.4,2023,11,19
2023-11-20,14.4,19.3,0,"SSW",31,12H 40M 0S,15.7,72,"SSE",7,1021,18.5,66,"SSW",17,1019.5,2023,11,20
2023-11-21,15.1,19,0,"SSW",35,16H 5M 0S,16.4,77,"SSW",7,1021,18.5,68,"S",15,1020.4,2023,11,21
2023-11-22,13.8,18.6,0,"SSW",39,14H 9M 0S,16.9,64,"S",11,1026,17.5,65,"SSW",20,1024.2,2023,11,22
2023-11-23,15.2,26.5,0,"SE",30,17H 54M 0S,16.9,73,"ESE",9,1025.2,22.1,65,"SSW",11,1021.8,2023,11,23
2023-11-24,16.9,28.7,0,"N",33,10H 36M 0S,22.1,68,"NNE",2,1017.8,24.6,51,"N",17,1014.3,2023,11,24
2023-11-25,17.2,26.5,8.8,"NNW",44,16H 26M 0S,22.7,72,"N",17,1010,24.2,43,"N",17,1007.1,2023,11,25
2023-11-26,15.1,19.8,3.8,"S",30,18H 26M 0S,15.3,100,"SW",9,1012.2,19.1,73,"SSW",11,1012.6,2023,11,26
2023-11-27,13.7,18.5,7.2,"S",30,12H 8M 0S,14.1,100,"SSW",9,1015.7,17.4,69,"SSW",13,1014.7,2023,11,27
2023-11-28,13.8,23.2,1.8,"E",37,17H 16M 0S,14.4,98,"NW",2,1013.4,22.3,64,"SSW",7,1009.9,2023,11,28
2023-11-29,14.4,19.1,2.8,"SE",57,15H 23M 0S,16.8,96,"SE",20,1007,17.7,87,"SE",20,1006.4,2023,11,29
2023-11-30,14.4,18.8,6.8,"SE",43,10H 25M 0S,16.5,76,"SSE",15,1012,17.8,67,"SSE",15,1011.6,2023,11,30
2023-12-01,13.9,23.8,4.6,"SE",39,10H 30M 0S,16.8,81,"SE",11,1010.2,22.8,57,"SE",17,1007.4,2023,12,1
2023-12-02,15.5,16.7,2.8,"S",33,9H 53M 0S,15.7,100,"S",9,1010.2,16,98,"S",13,1012.1,2023,12,2
2023-12-03,14.1,24.3,7,"SSW",35,15H 57M 0S,16.5,82,"S",11,1016.9,23,49,"SSE",13,1014.8,2023,12,3
2023-12-04,13.1,32.6,0,"NW",35,12H 23M 0S,19.6,69,"NNE",9,1015.2,30.5,29,"N",20,1012.2,2023,12,4
2023-12-05,15.6,24.5,0,"SSW",35,16H 34M 0S,19.2,71,"SSW",7,1013.7,21.5,62,"SSW",17,1012,2023,12,5
2023-12-06,15,22.7,0,"SSW",30,17H 5M 0S,18.8,60,"S",11,1019.3,21,53,"SSW",11,1017.8,2023,12,6
2023-12-07,13.3,25.8,0,"N",26,21H 52M 0S,16,71,"SSE",7,1019,21.1,55,"S",7,1017.4,2023,12,7
2023-12-08,15.9,33,0,"N",69,11H 15M 0S,21.5,64,"NNE",11,1010.9,32.1,36,"N",30,1004.3,2023,12,8
2023-12-09,16.9,17.9,2.6,"SE",30,18H 9M 0S,17.1,89,"W",2,1012.4,16.2,100,"S",11,1017.6,2023,12,9
2023-12-10,14.4,19.5,11.8,"SSE",39,1H 40M 0S,16.2,81,"S",9,1019,18.9,77,"SSW",9,1017.7,2023,12,10
2023-12-11,16.1,20.2,0.4,"S",28,4H 28M 0S,17.9,100,"S",7,1019.6,18.6,100,"S",7,1019.6,2023,12,11
2023-12-12,17.8,33.2,0.2,"ESE",30,17H 21M 0S,19.7,95,"N",2,1016.9,25.3,75,"SW",6,1012.3,2023,12,12
2023-12-13,19.7,34,0.6,"N",50,15H 2M 0S,25.3,76,"WNW",2,1007.2,32.4,35,"N",17,1003.1,2023,12,13
2023-12-14,16.5,25.5,1.4,"W",33,13H 10M 0S,18.8,61,"W",7,1006.8,24.2,40,"WSW",15,1006.5,2023,12,14
2023-12-15,14.4,23.4,0,"S",30,17H 20M 0S,17.4,63,"NW",7,1010.8,21.5,42,"S",9,1008.8,2023,12,15
2023-12-16,13.4,22.7,0,"NNW",31,7H 56M 0S,15.8,56,"NW",17,1009.2,22.6,35,"W",9,1008.3,2023,12,16
2023-12-17,12.2,25.2,0,"SSW",28,14H 8M 0S,17.8,60,"SSE",6,1015.7,21.5,48,"SSW",11,1013.6,2023,12,17
2023-12-18,15.9,26.2,0,"SW",31,19H 25M 0S,21.1,58,"NNE",7,1011.5,24.7,42,"NNE",7,1009.4,2023,12,18
2023-12-19,14.9,19,4,"SSW",41,15H 30M 0S,16.1,82,"SSW",7,1015.2,18,56,"S",17,1015.5,2023,12,19
2023-12-20,12.8,20.4,1.4,"S",43,14H 25M 0S,15.9,49,"SSE",13,1020.5,18.8,60,"S",22,1019,2023,12,20
2023-12-21,14.9,25.7,0,"SE",44,17H 40M 0S,19.6,60,"ESE",13,1020.6,24,43,"SE",17,1018,2023,12,21
2023-12-22,14.3,24.4,0,"SSE",39,17H 28M 0S,19.4,44,"ESE",11,1019.8,22.8,44,"SSW",13,1015.7,2023,12,22
2023-12-23,12.6,22.8,0,"SSW",37,15H 54M 0S,16.7,61,"E",4,1013.6,21.5,55,"S",20,NA,2023,12,23
2023-12-24,13.2,24.2,0,"S",44,16H 57M 0S,17.8,70,"SW",7,1008,23,60,"SSW",15,1005.9,2023,12,24
2023-12-25,16,20.8,14.2,"SE",43,14H 48M 0S,17.2,97,"SSE",6,1004.5,17.4,86,"E",4,1004.7,2023,12,25
2023-12-26,16.7,24.1,16,"SSE",37,10H 59M 0S,20.6,81,"SE",11,1008.5,17,89,"NW",13,1009.9,2023,12,26
2023-12-27,16.9,24,3,"SSW",33,13H 37M 0S,20.3,82,"SSE",6,1011.7,23.1,73,"S",15,1010.9,2023,12,27
2023-12-28,17.2,20.8,0.8,"SSE",31,17H 27M 0S,17.3,98,"SW",11,1013.9,20.5,71,"SSW",13,1013.3,2023,12,28
2023-12-29,15.2,20.4,0,"SW",31,21H 55M 0S,16.5,64,"S",11,1014.9,18.6,50,"SSW",13,1013.7,2023,12,29
2023-12-30,14.2,19,0,"SSW",39,14H 21M 0S,16.1,65,"SW",13,1015.4,17.7,58,"S",17,1016.8,2023,12,30
2023-12-31,14.1,20.8,0.6,"S",39,16H 7M 0S,16.9,51,"SSE",11,1022.5,19.5,55,"SSW",15,1021.4,2023,12,31
